commit	metric	status	description
baseline	0.9657	keep	baseline
836f703	0.9657	keep	 1 file changed, 17 insertions(+), 195 deletions(-)
f819b50	0.9726	keep	 1 file changed, 7 insertions(+), 1 deletion(-)
f819b50	0.9726	keep	 1 file changed, 7 insertions(+), 1 deletion(-)
d11a947	0.9781	keep	 1 file changed, 10 insertions(+), 1 deletion(-)
855f400	0.9918	keep	 1 file changed, 22 insertions(+), 1 deletion(-)
b0b0520	0.9986	keep	 1 file changed, 9 insertions(+), 1 deletion(-)
edaa10f	0.9143	keep	 1 file changed, 4 insertions(+), 1 deletion(-)
ee501a1	1.0000	keep	 1 file changed, 29 insertions(+), 2 deletions(-)
1affea2	1.0000	keep	 1 file changed, 12 insertions(+), 1 deletion(-)
